categoria,producto
Fitness y Suplementos,creatina
Fitness y Suplementos,proteina whey
Fitness y Suplementos,bcaa
Fitness y Suplementos,pre entreno
Fitness y Suplementos,colageno
Fitness y Suplementos,omega 3
Fitness y Suplementos,vitamina c
Fitness y Suplementos,multivitaminico
Fitness y Suplementos,caseina
Fitness y Suplementos,gainers
Fitness y Suplementos,glutamina
Fitness y Suplementos,quemador de grasa
Fitness y Suplementos,barra proteica
Fitness y Suplementos,mancuernas
Fitness y Suplementos,banda elastica
Fitness y Suplementos,colchoneta yoga
Fitness y Suplementos,soga de saltar
Fitness y Suplementos,guantes gimnasio
Fitness y Suplementos,rodillo foam
Fitness y Suplementos,cinturon gimnasio
Tecnologia y Accesorios,audifonos bluetooth
Tecnologia y Accesorios,smartwatch
Tecnologia y Accesorios,powerbank
Tecnologia y Accesorios,camara web
Tecnologia y Accesorios,teclado mecanico
Tecnologia y Accesorios,mouse gaming
Tecnologia y Accesorios,soporte notebook
Tecnologia y Accesorios,hub usb
Tecnologia y Accesorios,parlante bluetooth
Tecnologia y Accesorios,lampara escritorio led
Tecnologia y Accesorios,anillo de luz
Tecnologia y Accesorios,disco duro externo
Tecnologia y Accesorios,memoria usb
Tecnologia y Accesorios,cargador inalambrico
Tecnologia y Accesorios,tripode celular
Tecnologia y Accesorios,drone
Mascotas,cama para perro
Mascotas,comedero automatico
Mascotas,rascador para gatos
Mascotas,collar led perro
Mascotas,juguete para perro
Mascotas,arena para gatos
Mascotas,arnes para perro
Mascotas,cortaunas mascotas
Mascotas,cepillo para mascotas
Mascotas,vitaminas para perros
Mascotas,snacks para perro
Mascotas,transportadora mascotas
Hogar y Cocina,freidora de aire
Hogar y Cocina,aspiradora robot
Hogar y Cocina,purificador de aire
Hogar y Cocina,cafetera
Hogar y Cocina,licuadora portatil
Hogar y Cocina,hervidor electrico
Hogar y Cocina,sarten antiadherente
Hogar y Cocina,organizador cocina
Hogar y Cocina,lampara solar jardin
Ropa y Calzado,zapatillas running
Ropa y Calzado,mochila notebook
Ropa y Calzado,calcetines deportivos
Ropa y Calzado,poleron hombre
Ropa y Calzado,gorro lana
Ropa y Calzado,canguro deportivo
